{
  "eval_loss": 1.8707741498947144,
  "eval_accuracy": 0.43362562724922704,
  "eval_runtime": 60.2846,
  "eval_samples_per_second": 327.265,
  "eval_steps_per_second": 20.47,
  "epoch": 4.0
}