{
  "eval_loss": 1.422502875328064,
  "eval_accuracy": 0.6094909862142099,
  "eval_runtime": 23.918,
  "eval_samples_per_second": 157.705,
  "eval_steps_per_second": 9.867,
  "epoch": 6.0
}